date,ticker,open,high,low,close,volume,currency
2024-01-01,AAPL,150.25,152.8,149.5,151.95,2345000.0,USD
2024-01-02,AAPL,151.95,154.3,151.2,153.75,2567000.0,USD
2024-01-03,AAPL,153.75,155.4,152.8,,2412000.0,USD
2024-01-04,AAPL,154.2,156.75,153.9,156.2,2789000.0,USD
2024-01-05,AAPL,156.2,158.5,155.8,157.95,,USD
2024-01-08,AAPL,157.95,159.2,157.1,158.45,2634000.0,USD
2024-01-09,AAPL,158.45,160.8,158.0,160.25,2945000.0,USD
2024-01-10,AAPL,160.25,161.5,159.8,161.1,2456000.0,USD
2024-01-11,AAPL,161.1,162.75,160.45,162.0,2678000.0,USD
2024-01-12,AAPL,162.0,163.2,161.3,162.85,2534000.0,USD
2024-02-26,AAPL,166.67,166.9,165.59,165.8,,USD
2024-02-27,AAPL,171.78,174.5,170.46,170.55,2287201.0,USD
2024-02-28,AAPL,172.62,172.82,170.09,170.11,2417040.0,USD
2024-02-29,AAPL,177.96,182.31,176.89,177.14,2027035.0,USD
2024-03-01,AAPL,175.5,179.25,174.39,176.89,,USD
2024-03-04,AAPL,177.63,178.37,176.15,177.15,3946609.0,USD
2024-03-05,AAPL,175.53,177.2,175.02,,1756508.0,USD
2024-03-06,AAPL,173.34,173.97,172.69,173.19,3273415.0,USD
2024-03-07,AAPL,171.82,174.44,171.27,171.37,3595505.0,USD
2024-03-08,AAPL,167.07,167.43,165.6,167.29,,USD
2024-03-11,AAPL,163.73,166.32,162.46,163.84,2785160.0,USD
2024-03-12,AAPL,162.0,163.37,161.17,161.2,3861864.0,USD
2024-03-13,AAPL,159.84,160.82,158.19,160.22,3731785.0,USD
2024-03-14,AAPL,162.85,164.22,162.35,163.96,2579111.0,USD
2024-03-15,AAPL,159.96,160.14,157.61,159.3,3550731.0,USD
2024-03-18,AAPL,156.4,157.7,155.93,156.77,3448260.0,USD
2024-03-19,AAPL,153.51,154.71,152.57,153.51,3850770.0,USD
2024-03-20,AAPL,154.56,154.7,154.1,154.29,2374371.0,USD
2024-03-21,AAPL,153.91,154.46,151.64,152.29,2499238.0,USD
2024-03-22,AAPL,152.35,153.58,151.58,153.44,3661196.0,USD
2024-03-25,AAPL,150.52,151.0,148.29,149.42,3509021.0,USD
2024-03-26,AAPL,149.86,151.92,149.6,151.68,3984413.0,USD
2024-03-27,AAPL,149.12,149.67,147.22,149.33,1999046.0,USD
2024-03-28,AAPL,148.28,148.47,146.43,147.42,1728576.0,USD
2024-03-29,AAPL,147.29,148.48,147.06,147.79,3715603.0,USD
2024-04-01,AAPL,148.51,148.9,148.4,148.88,1565318.0,USD
2024-04-02,AAPL,142.84,142.88,142.76,142.76,2900804.0,USD
2024-04-03,AAPL,149.91,151.76,147.77,150.49,2337291.0,USD
2024-04-04,AAPL,155.83,158.85,154.64,156.2,3241093.0,USD
2024-04-05,AAPL,156.39,158.58,154.2,156.97,1610078.0,USD
2024-04-08,AAPL,153.32,154.19,153.17,153.86,2410681.0,USD
2024-04-09,AAPL,151.81,154.16,151.7,153.29,3811987.0,USD
2024-04-10,AAPL,151.4,152.34,149.51,151.42,2325816.0,USD
2024-04-11,AAPL,151.63,151.94,149.44,151.18,1647718.0,USD
2024-04-12,AAPL,154.83,155.64,152.72,153.42,2914447.0,USD
2024-04-15,AAPL,162.72,162.82,161.91,162.72,2490198.0,USD
2024-04-16,AAPL,158.73,160.82,157.9,160.49,3985367.0,USD
2024-04-17,AAPL,159.7,161.07,156.85,158.42,3285954.0,USD
2024-04-18,AAPL,159.28,162.36,159.04,159.62,3635619.0,USD
2024-04-19,AAPL,159.26,160.46,157.46,159.7,2439903.0,USD
2024-04-22,AAPL,162.05,163.61,161.38,162.51,3879126.0,USD
2024-04-23,AAPL,155.97,156.81,153.64,156.75,3278226.0,USD
2024-04-24,AAPL,156.87,158.16,156.85,157.61,2918175.0,USD
2024-04-25,AAPL,161.46,162.06,160.65,161.35,3015536.0,USD
2024-04-26,AAPL,161.45,161.76,160.47,161.44,3431760.0,USD
2024-04-29,AAPL,160.36,163.76,157.88,163.64,2148307.0,USD
2024-04-30,AAPL,157.68,160.06,156.97,157.5,2189944.0,USD
2024-05-01,AAPL,160.41,162.17,159.87,162.01,1945101.0,USD
2024-05-02,AAPL,161.18,162.48,159.48,161.7,2941578.0,USD
2024-05-03,AAPL,161.38,162.1,158.51,159.57,3832514.0,USD
2024-05-06,AAPL,163.53,165.88,161.6,,2786125.0,USD
2024-05-07,AAPL,165.18,165.57,164.89,165.12,2496161.0,USD
2024-05-08,AAPL,171.46,172.62,169.89,172.57,1784821.0,USD
2024-05-09,AAPL,169.93,170.64,169.8,169.83,2938533.0,USD
2024-05-10,AAPL,171.17,174.39,169.52,170.84,3252683.0,USD
2024-05-13,AAPL,169.46,170.69,169.09,169.17,1949395.0,USD
2024-05-14,AAPL,175.13,176.42,174.94,175.58,2923286.0,USD
2024-05-15,AAPL,173.46,174.73,172.46,172.64,3991518.0,USD
2024-05-16,AAPL,170.82,173.65,170.25,171.1,3211741.0,USD
2024-05-17,AAPL,169.76,170.08,168.78,169.45,2041252.0,USD
2024-05-20,AAPL,165.29,168.34,164.09,167.31,1855612.0,USD
2024-05-21,AAPL,161.1,161.48,158.08,158.41,3239183.0,USD
2024-05-22,AAPL,159.36,161.11,155.99,,2908836.0,USD
2024-05-23,AAPL,157.8,158.31,156.97,,2387225.0,USD
2024-05-24,AAPL,167.89,168.03,166.26,167.93,2118992.0,USD
2024-05-27,AAPL,173.11,173.71,171.51,173.27,3263211.0,USD
2024-05-28,AAPL,178.64,180.85,174.83,180.5,3048098.0,USD
2024-05-29,AAPL,171.7,172.56,169.88,170.43,3748988.0,USD
2024-05-30,AAPL,170.06,170.42,168.56,168.6,1565953.0,USD
2024-05-31,AAPL,168.52,168.56,165.62,167.66,1657164.0,USD
2024-06-03,AAPL,170.06,170.2,166.29,168.51,2662928.0,USD
2024-06-04,AAPL,174.82,175.9,174.15,174.59,3500991.0,USD
2024-06-05,AAPL,176.77,177.13,176.39,176.94,2398320.0,USD
2024-06-06,AAPL,180.69,181.28,174.81,177.33,1566234.0,USD
2024-06-07,AAPL,182.14,182.37,181.78,182.07,2687983.0,USD
2024-06-10,AAPL,189.56,192.95,188.71,190.1,3309891.0,USD
2024-06-11,AAPL,196.47,197.26,196.29,197.11,2832397.0,USD
2024-06-12,AAPL,196.83,197.69,196.43,197.46,2305497.0,USD
2024-06-13,AAPL,197.05,199.37,196.17,198.93,3549365.0,USD
2024-06-14,AAPL,191.33,192.7,190.92,192.3,1526790.0,USD
2024-06-17,AAPL,194.65,194.96,194.61,194.61,2290141.0,USD
2024-06-18,AAPL,190.78,191.4,189.2,190.84,3050284.0,USD
2024-06-19,AAPL,188.76,191.44,187.16,189.42,2925541.0,USD
2024-06-20,AAPL,188.63,192.21,187.5,187.7,2231899.0,USD
2024-06-21,AAPL,189.03,190.5,188.99,189.94,3373421.0,USD
2024-06-24,AAPL,190.95,192.67,188.04,191.45,2424618.0,USD
2024-06-25,AAPL,190.57,192.43,187.8,188.67,3961319.0,USD
2024-06-26,AAPL,193.6,195.59,190.09,190.52,2291267.0,USD
2024-06-27,AAPL,186.23,186.9,185.16,185.45,1622402.0,USD
2024-06-28,AAPL,189.88,191.29,187.08,188.84,1978007.0,USD
2024-02-26,AMZN,187.04,187.37,185.53,186.33,3324964.0,USD
2024-02-27,AMZN,191.09,191.45,191.0,191.36,1879270.0,USD
2024-02-28,AMZN,185.92,187.03,182.67,183.11,3686268.0,USD
2024-02-29,AMZN,183.84,184.74,183.48,184.63,2014265.0,USD
2024-03-01,AMZN,185.59,185.68,185.35,185.67,3992356.0,USD
2024-03-04,AMZN,181.62,182.33,178.93,179.62,2243088.0,USD
2024-03-05,AMZN,175.4,176.71,175.23,175.63,3013083.0,USD
2024-03-06,AMZN,169.59,173.24,168.63,169.3,2511930.0,USD
2024-03-07,AMZN,167.49,168.01,164.27,166.7,1630356.0,USD
2024-03-08,AMZN,172.69,174.3,170.41,173.16,3858597.0,USD
2024-03-11,AMZN,168.26,170.04,166.29,169.84,3377145.0,USD
2024-03-12,AMZN,169.35,173.55,167.44,168.74,3993362.0,USD
2024-03-13,AMZN,168.54,169.08,165.32,167.88,3791136.0,USD
2024-03-14,AMZN,171.39,171.47,170.88,171.03,1753091.0,USD
2024-03-15,AMZN,174.41,177.34,172.74,175.8,3679441.0,USD
2024-03-18,AMZN,177.24,178.94,174.85,178.49,2861236.0,USD
2024-03-19,AMZN,176.74,178.42,175.85,177.71,2638585.0,USD
2024-03-20,AMZN,170.25,174.09,169.19,172.63,3953159.0,USD
2024-03-21,AMZN,174.43,175.46,174.28,174.3,3602191.0,USD
2024-03-22,AMZN,173.49,173.98,172.1,172.9,3650205.0,USD
2024-03-25,AMZN,179.97,182.04,179.13,181.52,1900826.0,USD
2024-03-26,AMZN,181.88,183.8,180.43,181.77,3336022.0,USD
2024-03-27,AMZN,182.56,186.16,182.17,185.84,,USD
2024-03-28,AMZN,180.0,181.23,177.77,180.77,2436800.0,USD
2024-03-29,AMZN,181.29,182.8,180.81,182.06,2946250.0,USD
2024-04-01,AMZN,187.39,189.66,186.45,188.05,3775419.0,USD
2024-04-02,AMZN,187.44,193.26,186.43,187.81,,USD
2024-04-03,AMZN,193.26,194.8,193.25,194.01,3015331.0,USD
2024-04-04,AMZN,190.27,192.25,188.66,189.06,2270692.0,USD
2024-04-05,AMZN,189.62,191.49,187.53,190.8,1844866.0,USD
2024-04-08,AMZN,189.2,190.9,185.67,189.55,3492569.0,USD
2024-04-09,AMZN,190.78,191.84,189.58,190.27,2466020.0,USD
2024-04-10,AMZN,185.79,188.7,184.28,188.16,1624116.0,USD
2024-04-11,AMZN,185.87,186.88,183.66,185.34,3820644.0,USD
2024-04-12,AMZN,189.84,190.9,188.93,189.79,2338357.0,USD
2024-04-15,AMZN,192.53,193.34,188.47,190.47,2571775.0,USD
2024-04-16,AMZN,187.98,189.59,187.74,188.03,3847296.0,USD
2024-04-17,AMZN,195.56,197.78,191.55,196.11,2899757.0,USD
2024-04-18,AMZN,197.01,199.0,194.8,195.69,3456874.0,USD
2024-04-19,AMZN,198.0,201.13,196.71,197.68,1884583.0,USD
2024-04-22,AMZN,197.86,198.36,196.64,197.81,3828476.0,USD
2024-04-23,AMZN,199.57,205.61,199.56,204.83,3903233.0,USD
2024-04-24,AMZN,199.41,203.84,199.18,203.75,3930992.0,USD
2024-04-25,AMZN,202.77,203.88,199.78,203.45,2422630.0,USD
2024-04-26,AMZN,205.32,208.47,204.33,,3633620.0,USD
2024-04-29,AMZN,209.44,211.19,207.18,210.71,1542056.0,USD
2024-04-30,AMZN,215.48,215.81,214.58,215.18,3014101.0,USD
2024-05-01,AMZN,217.2,217.8,213.63,,3569441.0,USD
2024-05-02,AMZN,215.17,221.43,215.08,219.19,3247378.0,USD
2024-05-03,AMZN,214.23,216.44,212.57,212.73,1855054.0,USD
2024-05-06,AMZN,216.72,216.83,216.24,216.28,3514017.0,USD
2024-05-07,AMZN,213.97,214.69,213.95,214.12,2200636.0,USD
2024-05-08,AMZN,204.78,206.24,203.28,,,USD
2024-05-09,AMZN,199.22,201.24,195.88,197.86,3206826.0,USD
2024-05-10,AMZN,205.16,207.45,204.67,204.69,2997404.0,USD
2024-05-13,AMZN,215.16,219.27,210.66,215.38,3928271.0,USD
2024-05-14,AMZN,218.92,220.49,216.04,219.03,,USD
2024-05-15,AMZN,219.25,221.27,215.46,219.31,2715358.0,USD
2024-05-16,AMZN,220.79,221.97,220.29,221.29,3458691.0,USD
2024-05-17,AMZN,222.42,222.77,219.45,221.97,2633387.0,USD
2024-05-20,AMZN,231.72,232.3,229.46,230.35,2744199.0,USD
2024-05-21,AMZN,228.29,231.0,227.54,230.55,2460811.0,USD
2024-05-22,AMZN,230.33,234.59,227.57,230.69,3995254.0,USD
2024-05-23,AMZN,231.65,234.6,230.06,231.29,1707352.0,USD
2024-05-24,AMZN,232.22,232.36,228.42,229.48,3634171.0,USD
2024-05-27,AMZN,238.17,243.0,237.36,241.05,3755750.0,USD
2024-05-28,AMZN,242.86,246.3,241.32,245.11,2455205.0,USD
2024-05-29,AMZN,246.4,248.29,244.43,247.31,2434048.0,USD
2024-05-30,AMZN,243.84,244.03,242.91,243.54,3944975.0,USD
2024-05-31,AMZN,246.65,248.58,245.79,248.26,1909319.0,USD
2024-06-03,AMZN,244.21,248.79,242.33,247.16,2417472.0,USD
2024-06-04,AMZN,245.8,247.8,245.45,245.67,3507338.0,USD
2024-06-05,AMZN,259.7,263.21,256.48,262.95,1969450.0,USD
2024-06-06,AMZN,252.82,256.35,251.09,254.07,2693982.0,USD
2024-06-07,AMZN,251.5,253.03,250.81,251.49,2382894.0,USD
2024-06-10,AMZN,254.35,254.95,254.34,254.91,2253492.0,USD
2024-06-11,AMZN,244.73,248.89,244.19,247.63,2978081.0,USD
2024-06-12,AMZN,241.39,243.66,237.14,238.63,2239538.0,USD
2024-06-13,AMZN,239.69,242.34,235.86,239.96,3798756.0,USD
2024-06-14,AMZN,231.43,234.41,229.97,233.15,3152632.0,USD
2024-06-17,AMZN,234.96,234.98,233.78,234.82,2727222.0,USD
2024-06-18,AMZN,240.73,241.29,238.93,239.05,2365256.0,USD
2024-06-19,AMZN,241.31,243.38,239.23,240.95,1779143.0,USD
2024-06-20,AMZN,244.68,245.8,239.56,243.73,3445692.0,USD
2024-06-21,AMZN,243.72,247.28,238.38,246.48,3047419.0,USD
2024-06-24,AMZN,241.17,248.19,240.35,241.56,2967172.0,USD
2024-06-25,AMZN,243.69,246.61,243.21,243.53,2929290.0,USD
2024-06-26,AMZN,242.05,244.3,241.64,243.25,1988051.0,USD
2024-06-27,AMZN,246.61,249.67,246.49,249.59,3065615.0,USD
2024-06-28,AMZN,261.2,264.84,259.68,264.24,2447272.0,USD
2024-01-29,GOOGL,140.75,142.3,140.1,141.85,1567000.0,USD
2024-01-30,GOOGL,141.85,144.2,141.5,143.75,1645000.0,USD
2024-01-31,GOOGL,143.75,145.5,143.2,,1523000.0,USD
2024-02-01,GOOGL,144.2,146.8,143.9,145.95,1734000.0,USD
2024-02-02,GOOGL,145.95,147.6,145.3,146.8,,USD
2024-02-05,GOOGL,146.8,148.95,146.2,148.1,1856000.0,USD
2024-02-06,GOOGL,148.1,150.45,147.8,149.75,1945000.0,USD
2024-02-07,GOOGL,149.75,151.3,149.1,150.95,1678000.0,USD
2024-02-08,GOOGL,150.95,152.8,150.4,151.95,1823000.0,USD
2024-02-09,GOOGL,151.95,153.6,151.3,152.85,1956000.0,USD
2024-02-26,GOOGL,158.36,158.48,157.66,158.34,3934206.0,USD
2024-02-27,GOOGL,161.06,162.44,157.98,160.12,2499554.0,USD
2024-02-28,GOOGL,157.9,159.81,157.51,158.23,3341648.0,USD
2024-02-29,GOOGL,158.33,161.41,157.6,160.41,2511727.0,USD
2024-03-01,GOOGL,161.4,161.71,159.73,,2520154.0,USD
2024-03-04,GOOGL,154.16,154.28,152.6,154.18,2040659.0,USD
2024-03-05,GOOGL,154.12,154.94,151.77,153.03,3359582.0,USD
2024-03-06,GOOGL,155.82,158.16,155.04,155.79,2026338.0,USD
2024-03-07,GOOGL,150.34,150.77,149.69,150.32,2770464.0,USD
2024-03-08,GOOGL,152.49,152.85,151.21,151.42,3050522.0,USD
2024-03-11,GOOGL,152.04,153.24,148.71,149.46,3790435.0,USD
2024-03-12,GOOGL,150.16,151.82,147.84,149.88,2363561.0,USD
2024-03-13,GOOGL,149.82,150.53,149.15,150.02,3663414.0,USD
2024-03-14,GOOGL,151.3,153.34,150.48,152.47,3972151.0,USD
2024-03-15,GOOGL,151.08,152.43,149.1,149.21,3175843.0,USD
2024-03-18,GOOGL,153.07,154.29,152.83,154.11,3640794.0,USD
2024-03-19,GOOGL,154.68,156.27,153.43,154.59,2356101.0,USD
2024-03-20,GOOGL,155.02,156.32,153.62,,2392964.0,USD
2024-03-21,GOOGL,157.1,158.68,151.9,155.92,3485209.0,USD
2024-03-22,GOOGL,154.53,157.27,153.33,155.47,2509612.0,USD
2024-03-25,GOOGL,156.28,156.81,155.4,156.6,1958298.0,USD
2024-03-26,GOOGL,159.6,160.3,158.16,158.67,3230228.0,USD
2024-03-27,GOOGL,162.69,165.06,161.69,164.65,2209662.0,USD
2024-03-28,GOOGL,164.21,164.47,163.98,164.14,2978301.0,USD
2024-03-29,GOOGL,169.13,169.68,167.87,168.03,2623994.0,USD
2024-04-01,GOOGL,167.19,167.23,167.04,167.09,2430491.0,USD
2024-04-02,GOOGL,165.98,167.04,165.91,166.86,3860731.0,USD
2024-04-03,GOOGL,164.97,165.92,164.68,164.81,,USD
2024-04-04,GOOGL,166.54,167.5,166.17,166.25,3542999.0,USD
2024-04-05,GOOGL,172.42,173.33,171.8,172.96,2242406.0,USD
2024-04-08,GOOGL,176.18,176.94,175.99,176.89,2424044.0,USD
2024-04-09,GOOGL,172.11,172.26,170.21,171.9,3745706.0,USD
2024-04-10,GOOGL,175.81,178.0,175.44,177.86,2073189.0,USD
2024-04-11,GOOGL,172.02,172.58,169.49,170.45,,USD
2024-04-12,GOOGL,171.26,171.84,169.23,171.48,3877935.0,USD
2024-04-15,GOOGL,176.0,178.03,175.74,176.21,2978236.0,USD
2024-04-16,GOOGL,178.4,179.62,177.62,178.87,3155743.0,USD
2024-04-17,GOOGL,180.49,181.37,180.05,181.33,2286958.0,USD
2024-04-18,GOOGL,176.99,177.08,176.36,176.67,2914821.0,USD
2024-04-19,GOOGL,174.48,175.43,173.71,174.83,3384276.0,USD
2024-04-22,GOOGL,169.7,172.87,166.54,169.04,1888590.0,USD
2024-04-23,GOOGL,168.49,171.03,167.27,169.88,3648347.0,USD
2024-04-24,GOOGL,165.43,165.51,165.42,165.47,2859507.0,USD
2024-04-25,GOOGL,161.82,163.64,160.81,163.48,2147008.0,USD
2024-04-26,GOOGL,159.16,159.22,158.75,158.79,3385077.0,USD
2024-04-29,GOOGL,158.93,159.89,157.45,159.45,2221001.0,USD
2024-04-30,GOOGL,163.19,164.62,163.1,164.18,1864359.0,USD
2024-05-01,GOOGL,161.22,162.59,160.24,161.04,3097690.0,USD
2024-05-02,GOOGL,167.73,168.06,164.29,167.24,3368670.0,USD
2024-05-03,GOOGL,171.5,172.15,167.94,171.02,3970858.0,USD
2024-05-06,GOOGL,173.65,176.24,173.16,175.05,2699670.0,USD
2024-05-07,GOOGL,180.82,183.7,180.47,183.28,1764500.0,USD
2024-05-08,GOOGL,180.78,184.46,177.81,179.33,2531519.0,USD
2024-05-09,GOOGL,182.31,183.16,176.95,177.46,3822466.0,USD
2024-05-10,GOOGL,180.92,183.35,180.09,180.66,3729180.0,USD
2024-05-13,GOOGL,179.51,180.17,177.75,179.53,2126045.0,USD
2024-05-14,GOOGL,180.31,182.11,177.43,179.71,3116449.0,USD
2024-05-15,GOOGL,178.78,181.02,178.03,179.99,3877074.0,USD
2024-05-16,GOOGL,175.8,178.07,174.67,177.52,3392064.0,USD
2024-05-17,GOOGL,168.2,168.84,167.11,168.68,2524939.0,USD
2024-05-20,GOOGL,168.97,172.7,167.84,169.97,,USD
2024-05-21,GOOGL,168.55,172.13,168.17,170.52,3380901.0,USD
2024-05-22,GOOGL,164.34,166.01,162.7,162.73,3741984.0,USD
2024-05-23,GOOGL,163.45,164.18,162.91,164.14,2784382.0,USD
2024-05-24,GOOGL,163.72,165.72,162.17,163.7,2965291.0,USD
2024-05-27,GOOGL,162.22,163.51,161.42,161.77,3813336.0,USD
2024-05-28,GOOGL,157.21,159.01,154.97,157.82,,USD
2024-05-29,GOOGL,157.77,159.31,157.41,157.8,1534707.0,USD
2024-05-30,GOOGL,157.59,157.64,156.5,156.54,1670102.0,USD
2024-05-31,GOOGL,157.77,158.71,156.97,157.12,3213136.0,USD
2024-06-03,GOOGL,162.95,164.14,162.2,163.53,,USD
2024-06-04,GOOGL,155.38,155.48,154.79,154.96,2555146.0,USD
2024-06-05,GOOGL,161.58,161.79,159.87,,3994838.0,USD
2024-06-06,GOOGL,158.42,159.01,157.77,158.68,3178687.0,USD
2024-06-07,GOOGL,160.87,162.73,160.79,160.83,1528625.0,USD
2024-06-10,GOOGL,161.5,162.98,161.03,162.14,1988011.0,USD
2024-06-11,GOOGL,162.14,162.54,161.87,162.5,2830228.0,USD
2024-06-12,GOOGL,164.49,165.8,161.66,163.1,1962785.0,USD
2024-06-13,GOOGL,164.33,164.84,163.82,164.4,2221384.0,USD
2024-06-14,GOOGL,165.68,166.15,164.44,,2482469.0,USD
2024-06-17,GOOGL,168.19,168.82,165.85,167.78,2600500.0,USD
2024-06-18,GOOGL,165.36,167.08,163.09,164.67,2164468.0,USD
2024-06-19,GOOGL,168.14,171.58,166.44,168.72,1579973.0,USD
2024-06-20,GOOGL,175.35,175.63,174.18,175.15,3002025.0,USD
2024-06-21,GOOGL,175.39,178.09,174.35,,2247419.0,USD
2024-06-24,GOOGL,175.62,177.94,172.87,175.81,3215499.0,USD
2024-06-25,GOOGL,167.59,168.44,165.01,167.46,2048884.0,USD
2024-06-26,GOOGL,168.66,169.88,168.21,168.62,2688554.0,USD
2024-06-27,GOOGL,164.79,165.55,162.61,163.09,2205475.0,USD
2024-06-28,GOOGL,164.53,165.89,162.99,163.88,2752078.0,USD
2024-02-26,JPM,201.82,206.27,200.83,200.93,2706751.0,USD
2024-02-27,JPM,202.45,202.57,200.81,201.92,2861871.0,USD
2024-02-28,JPM,200.89,202.41,200.57,202.03,2838530.0,USD
2024-02-29,JPM,206.13,206.96,204.8,204.83,3925920.0,USD
2024-03-01,JPM,209.91,212.17,209.62,,2887784.0,USD
2024-03-04,JPM,210.41,211.92,208.87,210.97,1862462.0,USD
2024-03-05,JPM,209.85,210.71,209.68,210.66,1718401.0,USD
2024-03-06,JPM,209.46,210.08,208.22,208.43,2692097.0,USD
2024-03-07,JPM,211.58,213.06,209.03,209.96,3745846.0,USD
2024-03-08,JPM,209.2,209.44,208.1,209.32,2387516.0,USD
2024-03-11,JPM,212.85,213.3,210.49,210.59,3184532.0,USD
2024-03-12,JPM,213.72,216.09,212.95,213.54,1778710.0,USD
2024-03-13,JPM,204.08,204.36,201.32,201.54,1500159.0,USD
2024-03-14,JPM,207.91,211.85,205.1,206.69,3474324.0,USD
2024-03-15,JPM,208.69,210.84,206.88,209.95,1836907.0,USD
2024-03-18,JPM,208.94,211.81,208.89,209.28,1679838.0,USD
2024-03-19,JPM,207.02,207.04,205.53,205.63,3524241.0,USD
2024-03-20,JPM,203.85,207.02,203.2,206.79,2459131.0,USD
2024-03-21,JPM,203.06,204.24,201.95,202.67,2662126.0,USD
2024-03-22,JPM,201.61,201.78,200.64,201.07,2407211.0,USD
2024-03-25,JPM,199.39,199.9,199.27,199.85,3641912.0,USD
2024-03-26,JPM,197.77,198.54,196.55,197.88,2475776.0,USD
2024-03-27,JPM,195.85,196.43,195.27,195.58,3964722.0,USD
2024-03-28,JPM,196.36,196.36,194.93,195.48,1980808.0,USD
2024-03-29,JPM,193.46,193.55,191.62,191.62,3897638.0,USD
2024-04-01,JPM,195.33,195.99,193.2,195.5,1843567.0,USD
2024-04-02,JPM,198.1,198.59,196.86,198.24,2001590.0,USD
2024-04-03,JPM,202.03,204.38,200.79,201.28,2670694.0,USD
2024-04-04,JPM,203.2,204.09,202.67,,3133812.0,USD
2024-04-05,JPM,209.22,210.6,207.01,207.22,2290645.0,USD
2024-04-08,JPM,209.99,212.32,209.52,210.2,3353207.0,USD
2024-04-09,JPM,208.03,208.82,206.76,208.71,2237954.0,USD
2024-04-10,JPM,200.08,200.36,196.46,196.49,2479114.0,USD
2024-04-11,JPM,202.47,204.61,201.63,,3478030.0,USD
2024-04-12,JPM,201.17,201.68,200.82,200.88,3711549.0,USD
2024-04-15,JPM,204.52,206.25,203.8,204.87,1792575.0,USD
2024-04-16,JPM,207.57,208.73,204.21,205.89,3119471.0,USD
2024-04-17,JPM,208.41,211.35,207.18,209.47,2998339.0,USD
2024-04-18,JPM,208.99,209.38,208.64,208.93,2278883.0,USD
2024-04-19,JPM,213.71,214.18,212.8,214.1,3106734.0,USD
2024-04-22,JPM,214.3,215.01,214.06,214.29,3492503.0,USD
2024-04-23,JPM,214.43,214.46,214.05,214.44,3259771.0,USD
2024-04-24,JPM,212.31,213.31,211.09,213.08,3710840.0,USD
2024-04-25,JPM,216.96,217.6,214.67,215.1,3977748.0,USD
2024-04-26,JPM,219.95,220.05,219.22,219.89,2056718.0,USD
2024-04-29,JPM,216.59,216.97,215.83,216.37,3616142.0,USD
2024-04-30,JPM,217.17,217.79,216.44,217.11,3251498.0,USD
2024-05-01,JPM,217.86,218.02,216.97,217.29,2986561.0,USD
2024-05-02,JPM,217.92,220.57,217.05,218.02,2895285.0,USD
2024-05-03,JPM,218.69,219.16,216.12,216.67,2906978.0,USD
2024-05-06,JPM,218.08,220.09,217.35,218.01,3625480.0,USD
2024-05-07,JPM,219.34,219.42,218.79,218.95,3529144.0,USD
2024-05-08,JPM,216.67,218.81,215.31,218.65,2598657.0,USD
2024-05-09,JPM,221.86,222.93,221.05,221.95,3895487.0,USD
2024-05-10,JPM,218.39,219.62,215.95,219.47,2112181.0,USD
2024-05-13,JPM,217.71,218.21,215.99,217.84,2535811.0,USD
2024-05-14,JPM,219.77,220.11,218.74,219.04,,USD
2024-05-15,JPM,215.63,215.73,213.49,215.3,3306684.0,USD
2024-05-16,JPM,222.47,222.88,221.87,222.27,1890642.0,USD
2024-05-17,JPM,220.35,226.13,217.93,221.88,3040724.0,USD
2024-05-20,JPM,214.76,215.44,212.76,213.87,2206673.0,USD
2024-05-21,JPM,208.63,209.39,207.6,208.01,2639904.0,USD
2024-05-22,JPM,209.34,209.64,206.92,208.5,1915842.0,USD
2024-05-23,JPM,215.61,217.11,214.85,,3284006.0,USD
2024-05-24,JPM,215.04,216.53,214.84,215.68,3984851.0,USD
2024-05-27,JPM,219.96,221.04,218.65,219.36,1725391.0,USD
2024-05-28,JPM,218.8,219.52,218.78,219.08,,USD
2024-05-29,JPM,221.17,222.66,219.93,,3944291.0,USD
2024-05-30,JPM,215.31,215.83,214.5,214.67,1549976.0,USD
2024-05-31,JPM,215.09,216.14,214.88,215.33,3527320.0,USD
2024-06-03,JPM,211.63,213.35,210.55,212.63,2702060.0,USD
2024-06-04,JPM,208.02,210.72,206.97,208.19,3102970.0,USD
2024-06-05,JPM,206.14,206.72,204.01,206.08,3556501.0,USD
2024-06-06,JPM,204.75,207.42,203.24,203.57,3869310.0,USD
2024-06-07,JPM,205.2,207.89,204.0,205.88,3141232.0,USD
2024-06-10,JPM,200.94,203.34,199.75,202.31,2428660.0,USD
2024-06-11,JPM,205.37,205.85,204.07,205.8,3954398.0,USD
2024-06-12,JPM,207.07,207.9,205.7,207.27,1912672.0,USD
2024-06-13,JPM,205.82,207.27,205.25,206.6,1928276.0,USD
2024-06-14,JPM,204.44,205.11,203.25,204.6,3859470.0,USD
2024-06-17,JPM,209.49,212.86,209.21,211.06,3727039.0,USD
2024-06-18,JPM,203.36,204.45,201.16,201.24,2058963.0,USD
2024-06-19,JPM,204.18,204.68,202.53,202.74,3161655.0,USD
2024-06-20,JPM,205.33,206.71,204.45,205.68,2523920.0,USD
2024-06-21,JPM,198.19,200.2,197.92,198.19,3973199.0,USD
2024-06-24,JPM,192.44,192.79,190.44,191.37,3367306.0,USD
2024-06-25,JPM,189.25,190.69,188.72,190.29,3509606.0,USD
2024-06-26,JPM,191.59,192.2,191.32,192.07,3477334.0,USD
2024-06-27,JPM,190.57,190.77,188.03,188.87,3301498.0,USD
2024-06-28,JPM,191.77,192.74,191.57,192.08,1735419.0,USD
2024-01-15,MSFT,320.5,323.45,319.8,322.15,1856000.0,USD
2024-01-16,MSFT,322.15,325.6,321.5,324.8,1945000.0,USD
2024-01-17,MSFT,324.8,327.9,324.1,,1723000.0,USD
2024-01-18,MSFT,325.5,328.75,325.0,327.95,1834000.0,USD
2024-01-19,MSFT,327.95,330.2,327.3,329.5,,USD
2024-01-22,MSFT,329.5,331.85,328.8,330.75,1956000.0,USD
2024-01-23,MSFT,330.75,333.4,330.2,332.6,2045000.0,USD
2024-01-24,MSFT,332.6,335.2,332.0,334.5,2156000.0,USD
2024-01-25,MSFT,334.5,336.8,333.95,335.95,1867000.0,USD
2024-01-26,MSFT,335.95,338.5,335.4,337.8,2234000.0,USD
2024-02-26,MSFT,340.94,344.12,339.99,343.2,1612816.0,USD
2024-02-27,MSFT,333.83,337.95,331.79,334.21,1769114.0,USD
2024-02-28,MSFT,335.55,336.39,328.14,330.4,2203286.0,USD
2024-02-29,MSFT,330.17,330.94,329.27,330.94,3832517.0,USD
2024-03-01,MSFT,331.23,333.64,328.47,330.42,2998189.0,USD
2024-03-04,MSFT,336.14,338.13,333.78,334.98,2343523.0,USD
2024-03-05,MSFT,340.51,343.96,335.81,336.74,2008153.0,USD
2024-03-06,MSFT,348.41,353.28,348.05,350.77,2140053.0,USD
2024-03-07,MSFT,351.08,355.32,342.83,352.63,3034026.0,USD
2024-03-08,MSFT,347.01,348.36,345.94,345.97,1506949.0,USD
2024-03-11,MSFT,357.14,361.23,354.35,359.35,3953752.0,USD
2024-03-12,MSFT,357.96,362.8,357.72,359.73,1570390.0,USD
2024-03-13,MSFT,370.31,371.07,369.66,370.84,3059312.0,USD
2024-03-14,MSFT,379.85,380.81,374.15,380.67,3349396.0,USD
2024-03-15,MSFT,372.07,374.09,365.98,370.34,2179574.0,USD
2024-03-18,MSFT,378.27,379.52,375.07,375.88,3769464.0,USD
2024-03-19,MSFT,377.92,381.17,374.57,375.84,3654260.0,USD
2024-03-20,MSFT,381.42,383.25,378.7,379.51,3727712.0,USD
2024-03-21,MSFT,366.77,368.46,362.75,363.27,2722869.0,USD
2024-03-22,MSFT,359.18,361.93,357.18,360.74,3067438.0,USD
2024-03-25,MSFT,364.42,364.65,361.9,363.36,3220684.0,USD
2024-03-26,MSFT,359.38,360.67,356.84,360.08,2353499.0,USD
2024-03-27,MSFT,358.62,361.71,353.44,355.66,2921796.0,USD
2024-03-28,MSFT,360.01,360.85,355.82,360.05,2948021.0,USD
2024-03-29,MSFT,355.07,356.19,354.37,355.61,1967010.0,USD
2024-04-01,MSFT,360.96,361.93,353.9,358.59,3623221.0,USD
2024-04-02,MSFT,370.93,372.73,367.46,368.96,2502163.0,USD
2024-04-03,MSFT,369.73,372.81,363.38,366.74,2303692.0,USD
2024-04-04,MSFT,373.11,373.76,372.42,373.56,2362557.0,USD
2024-04-05,MSFT,357.89,358.04,355.21,356.37,2295543.0,USD
2024-04-08,MSFT,356.42,359.33,354.57,355.38,3857821.0,USD
2024-04-09,MSFT,361.34,361.66,358.89,360.47,3734693.0,USD
2024-04-10,MSFT,365.57,368.25,359.5,366.22,3115397.0,USD
2024-04-11,MSFT,367.4,371.16,366.51,368.75,3058506.0,USD
2024-04-12,MSFT,356.03,360.01,349.41,355.23,3899105.0,USD
2024-04-15,MSFT,343.64,346.75,341.86,343.1,3485296.0,USD
2024-04-16,MSFT,343.27,346.43,339.28,340.05,2107812.0,USD
2024-04-17,MSFT,346.2,347.36,344.32,347.17,3943851.0,USD
2024-04-18,MSFT,350.44,351.03,348.61,350.43,3948157.0,USD
2024-04-19,MSFT,353.64,355.05,352.18,352.86,3355619.0,USD
2024-04-22,MSFT,358.94,364.45,357.32,362.41,2588287.0,USD
2024-04-23,MSFT,371.33,377.58,370.15,375.71,2950976.0,USD
2024-04-24,MSFT,373.59,374.32,370.8,373.99,2421522.0,USD
2024-04-25,MSFT,358.79,366.19,354.17,358.17,1845266.0,USD
2024-04-26,MSFT,353.22,354.49,351.6,353.14,,USD
2024-04-29,MSFT,361.22,363.91,357.93,362.59,3861632.0,USD
2024-04-30,MSFT,361.75,363.31,360.19,361.26,2996972.0,USD
2024-05-01,MSFT,364.0,364.88,360.79,364.05,3661924.0,USD
2024-05-02,MSFT,347.21,348.42,343.06,346.9,3203194.0,USD
2024-05-03,MSFT,359.78,363.21,358.12,362.74,3149189.0,USD
2024-05-06,MSFT,357.22,361.88,354.6,361.24,3408327.0,USD
2024-05-07,MSFT,347.63,355.29,347.23,347.38,1730203.0,USD
2024-05-08,MSFT,342.23,342.86,340.37,340.54,2241426.0,USD
2024-05-09,MSFT,350.31,350.89,350.0,350.83,3881412.0,USD
2024-05-10,MSFT,350.73,354.19,345.39,345.87,2514920.0,USD
2024-05-13,MSFT,360.46,362.46,358.42,,1540738.0,USD
2024-05-14,MSFT,366.06,373.71,365.31,368.22,2344193.0,USD
2024-05-15,MSFT,370.28,370.81,367.69,367.79,2496530.0,USD
2024-05-16,MSFT,373.49,378.64,370.0,372.4,,USD
2024-05-17,MSFT,368.87,369.77,365.2,365.59,2538896.0,USD
2024-05-20,MSFT,361.91,365.55,357.47,363.93,1764223.0,USD
2024-05-21,MSFT,349.53,356.63,347.73,351.09,3166471.0,USD
2024-05-22,MSFT,339.21,341.35,338.5,340.02,3099601.0,USD
2024-05-23,MSFT,350.38,355.4,350.33,350.85,3125351.0,USD
2024-05-24,MSFT,341.58,343.97,338.16,338.31,2152465.0,USD
2024-05-27,MSFT,352.42,353.23,349.17,351.41,1576218.0,USD
2024-05-28,MSFT,368.8,369.29,366.1,368.93,1847739.0,USD
2024-05-29,MSFT,356.39,357.51,355.65,356.11,2478039.0,USD
2024-05-30,MSFT,345.6,348.4,344.88,347.47,3526580.0,USD
2024-05-31,MSFT,341.21,346.34,335.79,345.21,1760910.0,USD
2024-06-03,MSFT,332.08,335.48,330.71,330.87,3975539.0,USD
2024-06-04,MSFT,338.65,342.55,333.3,338.41,3989569.0,USD
2024-06-05,MSFT,336.48,337.91,335.98,,3056182.0,USD
2024-06-06,MSFT,330.64,331.64,326.63,326.74,2026861.0,USD
2024-06-07,MSFT,335.88,339.07,331.77,336.48,1616739.0,USD
2024-06-10,MSFT,333.11,336.41,329.66,335.22,3066847.0,USD
2024-06-11,MSFT,334.35,337.29,333.12,335.84,3544491.0,USD
2024-06-12,MSFT,324.17,324.92,321.3,323.47,2072212.0,USD
2024-06-13,MSFT,313.49,317.1,311.73,312.62,3618324.0,USD
2024-06-14,MSFT,313.7,317.75,312.06,314.28,2376031.0,USD
2024-06-17,MSFT,315.07,316.29,313.53,314.63,2815573.0,USD
2024-06-18,MSFT,315.88,316.02,312.7,,3842035.0,USD
2024-06-19,MSFT,317.56,318.36,316.49,317.38,3106872.0,USD
2024-06-20,MSFT,311.63,313.78,307.14,310.19,3158987.0,USD
2024-06-21,MSFT,305.59,308.14,300.74,301.42,2880346.0,USD
2024-06-24,MSFT,311.94,312.55,306.48,307.01,2199983.0,USD
2024-06-25,MSFT,314.14,315.87,312.56,314.85,3917349.0,USD
2024-06-26,MSFT,320.31,324.22,317.35,317.7,3064718.0,USD
2024-06-27,MSFT,320.97,322.52,315.33,316.2,3883366.0,USD
2024-06-28,MSFT,319.42,320.71,318.81,320.65,3303740.0,USD
2024-02-26,NVDA,926.28,930.64,919.99,925.26,1751924.0,USD
2024-02-27,NVDA,955.51,964.99,940.53,945.37,3099792.0,USD
2024-02-28,NVDA,966.84,967.27,947.32,949.6,2708948.0,USD
2024-02-29,NVDA,995.19,1004.33,985.11,1001.45,2288768.0,USD
2024-03-01,NVDA,970.11,970.86,964.91,,1545232.0,USD
2024-03-04,NVDA,987.12,997.33,986.05,991.22,2879904.0,USD
2024-03-05,NVDA,960.28,962.9,946.79,948.36,2364690.0,USD
2024-03-06,NVDA,976.08,983.64,950.98,953.01,3667354.0,USD
2024-03-07,NVDA,960.49,961.19,952.94,955.07,2088158.0,USD
2024-03-08,NVDA,975.14,984.84,965.28,965.63,2690631.0,USD
2024-03-11,NVDA,966.55,972.73,962.72,970.45,3226199.0,USD
2024-03-12,NVDA,965.97,976.64,965.03,971.28,3615810.0,USD
2024-03-13,NVDA,973.38,982.53,968.19,979.31,2774634.0,USD
2024-03-14,NVDA,1001.52,1002.94,983.52,989.09,3410947.0,USD
2024-03-15,NVDA,978.1,991.84,964.14,988.99,2948763.0,USD
2024-03-18,NVDA,991.39,1003.57,983.26,989.69,3807697.0,USD
2024-03-19,NVDA,992.27,1008.19,986.98,994.69,2416383.0,USD
2024-03-20,NVDA,994.69,1006.57,989.43,996.97,1773349.0,USD
2024-03-21,NVDA,1003.35,1010.15,990.08,1004.64,1533691.0,USD
2024-03-22,NVDA,1002.52,1004.87,990.17,992.55,2949796.0,USD
2024-03-25,NVDA,1032.48,1065.9,1025.0,1028.25,1719780.0,USD
2024-03-26,NVDA,1041.1,1047.39,1038.03,1039.07,3496170.0,USD
2024-03-27,NVDA,1048.51,1058.1,1033.96,1053.74,2561339.0,USD
2024-03-28,NVDA,1026.7,1047.54,1024.63,1027.22,2639929.0,USD
2024-03-29,NVDA,1020.78,1025.46,1015.78,1020.14,3631018.0,USD
2024-04-01,NVDA,997.44,1012.62,978.47,990.5,3784139.0,USD
2024-04-02,NVDA,1007.71,1008.01,996.32,1004.23,3503426.0,USD
2024-04-03,NVDA,1016.08,1021.98,1013.53,1015.0,2653224.0,USD
2024-04-04,NVDA,1038.33,1043.24,1030.6,1031.47,3475608.0,USD
2024-04-05,NVDA,1007.06,1020.01,990.49,1018.19,1975595.0,USD
2024-04-08,NVDA,1024.47,1032.08,1013.47,1013.47,2083098.0,USD
2024-04-09,NVDA,1033.54,1035.25,1020.95,1027.54,2813379.0,USD
2024-04-10,NVDA,1009.15,1012.98,992.66,1002.4,3312336.0,USD
2024-04-11,NVDA,999.84,1002.61,994.57,1001.47,2470834.0,USD
2024-04-12,NVDA,1021.12,1027.44,1020.62,1024.43,2824667.0,USD
2024-04-15,NVDA,1025.26,1032.13,1014.91,1029.94,2684141.0,USD
2024-04-16,NVDA,1015.72,1019.3,1014.2,1014.43,1577175.0,USD
2024-04-17,NVDA,1010.37,1020.85,1003.39,1004.68,1991450.0,USD
2024-04-18,NVDA,1027.13,1046.75,1022.55,1030.78,2357342.0,USD
2024-04-19,NVDA,1047.74,1049.1,1045.52,1048.37,3607037.0,USD
2024-04-22,NVDA,1005.35,1011.59,1000.91,1007.94,3020943.0,USD
2024-04-23,NVDA,1040.57,1045.09,1025.44,1027.7,1960796.0,USD
2024-04-24,NVDA,1027.43,1027.78,1020.77,1027.16,3931149.0,USD
2024-04-25,NVDA,1033.82,1040.43,1016.07,1037.81,1588668.0,USD
2024-04-26,NVDA,1071.04,1074.68,1052.28,1055.23,3056396.0,USD
2024-04-29,NVDA,1100.96,1103.81,1076.87,1103.38,3236263.0,USD
2024-04-30,NVDA,1084.04,1086.67,1073.98,1079.98,2159738.0,USD
2024-05-01,NVDA,1048.48,1054.11,1039.41,1053.69,2755516.0,USD
2024-05-02,NVDA,1108.88,1115.91,1073.99,1093.87,1702416.0,USD
2024-05-03,NVDA,1068.91,1071.65,1068.82,1068.84,2869277.0,USD
2024-05-06,NVDA,1077.09,1080.97,1072.91,1076.45,2842057.0,USD
2024-05-07,NVDA,1028.99,1033.84,1026.67,1029.51,2267524.0,USD
2024-05-08,NVDA,1051.05,1058.61,1037.41,1049.6,3094918.0,USD
2024-05-09,NVDA,1053.53,1078.57,1052.73,,2863501.0,USD
2024-05-10,NVDA,1044.01,1058.67,1036.45,1051.36,3049420.0,USD
2024-05-13,NVDA,1053.31,1074.13,1041.52,1068.38,3973112.0,USD
2024-05-14,NVDA,1040.8,1042.71,1019.82,1022.44,1713981.0,USD
2024-05-15,NVDA,1064.34,1072.16,1049.9,1051.95,1510651.0,USD
2024-05-16,NVDA,1089.03,1090.58,1066.23,1084.49,3930721.0,USD
2024-05-17,NVDA,1064.85,1081.17,1049.44,1060.93,1755948.0,USD
2024-05-20,NVDA,1070.56,1080.72,1065.46,1067.3,1970529.0,USD
2024-05-21,NVDA,1087.81,1105.25,1086.22,1105.08,3846920.0,USD
2024-05-22,NVDA,1041.88,1050.29,1007.0,1008.89,3241373.0,USD
2024-05-23,NVDA,1029.44,1054.65,1020.01,1045.27,1507461.0,USD
2024-05-24,NVDA,1041.76,1052.78,1017.8,1027.43,3279685.0,USD
2024-05-27,NVDA,1022.56,1025.95,1004.24,1021.58,2173218.0,USD
2024-05-28,NVDA,1078.77,1097.36,1073.93,1094.77,1837913.0,USD
2024-05-29,NVDA,1085.24,1088.94,1084.23,1086.08,3312375.0,USD
2024-05-30,NVDA,1055.86,1061.28,1041.27,1059.08,2248736.0,USD
2024-05-31,NVDA,1050.4,1052.43,1044.75,1048.72,1517297.0,USD
2024-06-03,NVDA,1013.51,1028.88,1011.61,1016.98,3058309.0,USD
2024-06-04,NVDA,995.63,996.96,980.74,994.4,2115863.0,USD
2024-06-05,NVDA,995.17,998.66,985.1,,2328791.0,USD
2024-06-06,NVDA,1005.92,1006.27,1000.66,1001.43,2751775.0,USD
2024-06-07,NVDA,961.68,979.12,951.6,965.03,2208521.0,USD
2024-06-10,NVDA,951.21,952.32,948.48,951.89,3234339.0,USD
2024-06-11,NVDA,951.74,953.6,949.34,949.98,1667647.0,USD
2024-06-12,NVDA,933.42,939.59,909.63,914.25,1502352.0,USD
2024-06-13,NVDA,904.01,905.41,896.6,899.73,3844351.0,USD
2024-06-14,NVDA,893.1,902.71,886.89,894.91,1893574.0,USD
2024-06-17,NVDA,865.56,867.36,862.05,863.15,2194780.0,USD
2024-06-18,NVDA,857.99,869.8,836.99,,2102276.0,USD
2024-06-19,NVDA,843.28,848.07,838.48,847.18,3803998.0,USD
2024-06-20,NVDA,859.48,862.34,840.48,859.5,3521770.0,USD
2024-06-21,NVDA,845.08,845.88,841.26,841.42,3039600.0,USD
2024-06-24,NVDA,886.82,887.03,879.57,880.27,2643647.0,USD
2024-06-25,NVDA,844.32,845.15,809.97,829.77,2730746.0,USD
2024-06-26,NVDA,818.22,840.07,786.13,817.27,2972178.0,USD
2024-06-27,NVDA,816.21,825.95,794.68,813.17,2699151.0,USD
2024-06-28,NVDA,792.53,802.66,784.66,790.27,2308258.0,USD
2024-02-12,TSLA,245.3,248.75,244.5,247.95,3245000.0,USD
2024-02-13,TSLA,247.95,251.2,247.3,250.8,3567000.0,USD
2024-02-14,TSLA,250.8,253.45,249.95,,3456000.0,USD
2024-02-15,TSLA,251.5,255.8,250.75,254.9,3678000.0,USD
2024-02-16,TSLA,254.9,257.3,254.1,256.45,,USD
2024-02-19,TSLA,256.45,259.75,255.8,258.95,3834000.0,USD
2024-02-20,TSLA,258.95,261.5,258.2,260.75,3945000.0,USD
2024-02-21,TSLA,260.75,263.2,260.1,262.5,3756000.0,USD
2024-02-22,TSLA,262.5,265.8,261.95,264.9,3867000.0,USD
2024-02-23,TSLA,264.9,267.45,264.3,266.75,3945000.0,USD
2024-02-26,TSLA,293.26,298.28,291.96,294.49,2198956.0,USD
2024-02-27,TSLA,288.4,293.36,287.27,288.37,,USD
2024-02-28,TSLA,291.78,293.8,288.81,292.77,1655683.0,USD
2024-02-29,TSLA,282.69,286.76,281.95,285.88,3487755.0,USD
2024-03-01,TSLA,283.99,286.12,283.38,285.63,3292725.0,USD
2024-03-04,TSLA,289.45,296.16,287.31,293.03,3307992.0,USD
2024-03-05,TSLA,276.9,280.26,273.42,279.05,3760134.0,USD
2024-03-06,TSLA,285.63,289.0,284.24,287.21,2001174.0,USD
2024-03-07,TSLA,273.82,275.3,270.78,271.76,1549104.0,USD
2024-03-08,TSLA,277.84,280.5,273.28,274.94,2064678.0,USD
2024-03-11,TSLA,262.95,264.18,256.23,260.18,3565153.0,USD
2024-03-12,TSLA,247.49,250.38,240.78,247.27,2935177.0,USD
2024-03-13,TSLA,262.07,264.61,259.46,260.87,2864973.0,USD
2024-03-14,TSLA,277.06,280.99,270.71,276.83,2055655.0,USD
2024-03-15,TSLA,263.18,268.81,258.47,267.07,3870052.0,USD
2024-03-18,TSLA,282.39,283.36,279.42,280.49,1665575.0,USD
2024-03-19,TSLA,287.02,297.66,281.13,292.19,3848203.0,USD
2024-03-20,TSLA,274.69,278.03,265.33,274.61,3054205.0,USD
2024-03-21,TSLA,283.09,291.99,276.59,279.22,2780617.0,USD
2024-03-22,TSLA,290.03,290.59,285.44,289.34,1808623.0,USD
2024-03-25,TSLA,301.16,304.37,295.41,304.31,2544327.0,USD
2024-03-26,TSLA,297.89,301.81,293.77,299.17,2168755.0,USD
2024-03-27,TSLA,290.14,291.28,287.46,290.62,2034003.0,USD
2024-03-28,TSLA,293.87,299.37,289.29,292.92,3365690.0,USD
2024-03-29,TSLA,294.54,302.85,291.7,302.2,,USD
2024-04-01,TSLA,302.99,307.42,302.82,305.11,2226331.0,USD
2024-04-02,TSLA,298.97,301.39,296.67,300.82,2622437.0,USD
2024-04-03,TSLA,311.23,313.2,308.78,312.4,2626798.0,USD
2024-04-04,TSLA,298.35,300.19,292.94,300.02,2990687.0,USD
2024-04-05,TSLA,312.12,312.8,308.25,,2578560.0,USD
2024-04-08,TSLA,311.91,316.37,304.32,306.43,2468616.0,USD
2024-04-09,TSLA,318.06,320.9,312.51,313.53,3309377.0,USD
2024-04-10,TSLA,300.52,300.71,299.25,300.62,2052467.0,USD
2024-04-11,TSLA,290.39,295.16,289.65,293.18,2435772.0,USD
2024-04-12,TSLA,290.94,292.12,284.26,288.7,3115777.0,USD
2024-04-15,TSLA,275.09,278.4,274.79,278.39,2201692.0,USD
2024-04-16,TSLA,260.74,264.77,255.13,255.84,3516411.0,USD
2024-04-17,TSLA,258.42,261.19,257.05,259.92,3119715.0,USD
2024-04-18,TSLA,244.59,248.5,242.45,245.03,1935684.0,USD
2024-04-19,TSLA,264.23,264.83,259.66,260.66,3956070.0,USD
2024-04-22,TSLA,246.31,257.94,244.56,257.46,3790870.0,USD
2024-04-23,TSLA,236.34,238.72,225.62,225.87,1704366.0,USD
2024-04-24,TSLA,250.85,254.34,248.85,250.62,2870073.0,USD
2024-04-25,TSLA,240.42,244.61,240.29,242.66,2684446.0,USD
2024-04-26,TSLA,225.81,225.83,224.27,225.28,2097218.0,USD
2024-04-29,TSLA,230.23,235.76,223.73,229.25,2219401.0,USD
2024-04-30,TSLA,224.88,228.98,222.5,224.15,1720169.0,USD
2024-05-01,TSLA,239.3,239.67,238.66,239.45,3573290.0,USD
2024-05-02,TSLA,218.98,219.36,213.2,218.67,,USD
2024-05-03,TSLA,216.91,221.43,216.67,220.19,3661088.0,USD
2024-05-06,TSLA,212.37,212.65,208.31,208.76,3280752.0,USD
2024-05-07,TSLA,216.69,221.8,213.0,216.08,2528494.0,USD
2024-05-08,TSLA,208.57,215.06,203.98,204.74,3513321.0,USD
2024-05-09,TSLA,209.98,212.21,205.16,207.86,2757008.0,USD
2024-05-10,TSLA,203.69,206.83,200.26,202.38,2503171.0,USD
2024-05-13,TSLA,203.36,208.54,196.95,205.62,2558079.0,USD
2024-05-14,TSLA,195.76,197.0,192.92,194.45,2733741.0,USD
2024-05-15,TSLA,197.18,204.27,193.37,203.65,3468541.0,USD
2024-05-16,TSLA,198.67,200.45,197.55,200.43,3890137.0,USD
2024-05-17,TSLA,198.69,199.75,197.77,199.45,1806094.0,USD
2024-05-20,TSLA,204.56,207.47,200.21,205.5,1844710.0,USD
2024-05-21,TSLA,203.59,207.6,200.75,202.59,3620539.0,USD
2024-05-22,TSLA,206.48,208.84,204.57,206.73,3130668.0,USD
2024-05-23,TSLA,210.76,216.21,208.93,214.35,3484117.0,USD
2024-05-24,TSLA,224.17,226.61,222.88,225.72,3325977.0,USD
2024-05-27,TSLA,231.27,232.12,227.83,231.26,3140920.0,USD
2024-05-28,TSLA,244.84,246.53,239.71,242.14,3714387.0,USD
2024-05-29,TSLA,248.7,253.91,248.33,253.01,2743085.0,USD
2024-05-30,TSLA,236.13,240.7,234.25,239.9,2533316.0,USD
2024-05-31,TSLA,229.39,230.55,225.61,228.79,2042601.0,USD
2024-06-03,TSLA,231.24,235.02,225.5,232.12,2739444.0,USD
2024-06-04,TSLA,217.04,218.62,212.55,214.99,2526630.0,USD
2024-06-05,TSLA,233.9,235.11,233.38,,1986275.0,USD
2024-06-06,TSLA,228.32,228.4,225.65,227.3,2743294.0,USD
2024-06-07,TSLA,220.43,221.92,216.31,221.82,3772158.0,USD
2024-06-10,TSLA,227.02,227.35,221.83,223.89,2816189.0,USD
2024-06-11,TSLA,221.37,228.6,221.05,225.57,2838106.0,USD
2024-06-12,TSLA,220.47,223.46,217.07,218.98,3001584.0,USD
2024-06-13,TSLA,220.03,228.77,217.93,228.68,2141147.0,USD
2024-06-14,TSLA,212.81,217.27,205.59,212.46,2016595.0,USD
2024-06-17,TSLA,202.34,206.5,200.47,203.6,3026322.0,USD
2024-06-18,TSLA,207.85,211.6,207.14,210.9,3881732.0,USD
2024-06-19,TSLA,188.14,190.78,187.63,189.61,1660381.0,USD
2024-06-20,TSLA,190.37,190.46,184.46,187.08,1568920.0,USD
2024-06-21,TSLA,187.31,188.45,184.92,186.59,3729655.0,USD
2024-06-24,TSLA,186.21,186.53,185.54,185.8,2452246.0,USD
2024-06-25,TSLA,184.77,185.95,181.81,183.68,2974764.0,USD
2024-06-26,TSLA,179.61,181.87,178.09,181.31,2158003.0,USD
2024-06-27,TSLA,186.27,192.89,181.98,,3592101.0,USD
2024-06-28,TSLA,179.16,179.94,178.89,179.48,2784294.0,USD
